"name","file","start_line","end_line","member_name"
"ucl_emitter_context_streamline","src/ucl_emitter_streamline.c",39,39,"func"
"ucl_emitter_context_streamline","src/ucl_emitter_streamline.c",39,39,"comments"
"ucl_emitter_context_streamline","src/ucl_emitter_streamline.c",39,39,"top"
"ucl_emitter_context_streamline","src/ucl_emitter_streamline.c",39,39,"containers"
"ucl_emitter_context_streamline","src/ucl_emitter_streamline.c",39,39,"indent"
"ucl_emitter_context_streamline","src/ucl_emitter_streamline.c",39,39,"ops"
"ucl_emitter_context_streamline","src/ucl_emitter_streamline.c",39,39,"id"
"ucl_emitter_context_streamline","src/ucl_emitter_streamline.c",39,39,"name"
"ucl_emitter_streamline_stack","src/ucl_emitter_streamline.c",32,32,"obj"
"ucl_emitter_streamline_stack","src/ucl_emitter_streamline.c",32,32,"next"
"ucl_emitter_streamline_stack","src/ucl_emitter_streamline.c",32,32,"is_array"
"ucl_emitter_streamline_stack","src/ucl_emitter_streamline.c",32,32,"empty"
"(unnamed class/struct/union)","src/ucl_internal.h",199,199,"len"
"(unnamed class/struct/union)","src/ucl_internal.h",199,199,"params"
"(unnamed class/struct/union)","src/ucl_internal.h",200,200,"line"
"(unnamed class/struct/union)","src/ucl_internal.h",200,200,"flags"
"(unnamed class/struct/union)","src/ucl_internal.h",200,200,"level"
"(unnamed class/struct/union)","include/ucl.h",237,237,"ud"
"(unnamed class/struct/union)","include/ucl.h",237,237,"dv"
"(unnamed class/struct/union)","include/ucl.h",237,237,"ov"
"(unnamed class/struct/union)","include/ucl.h",237,237,"av"
"(unnamed class/struct/union)","include/ucl.h",237,237,"sv"
"(unnamed class/struct/union)","include/ucl.h",237,237,"iv"
"(unnamed class/struct/union)","uthash/utstring.h",45,45,"i"
"(unnamed class/struct/union)","uthash/utstring.h",45,45,"d"
"(unnamed class/struct/union)","uthash/utstring.h",45,45,"n"
"(unnamed class/struct/union)","uthash/utstring.h",45,45,"pd"
"(unnamed class/struct/union)","src/ucl_hash.c",126,126,"c"
"(unnamed class/struct/union)","src/ucl_hash.c",126,126,"pp"
"(unnamed class/struct/union)","src/ucl_hash.c",127,127,"c1"
"(unnamed class/struct/union)","src/ucl_hash.c",127,127,"c2"
"(unnamed class/struct/union)","src/ucl_hash.c",127,127,"c3"
"(unnamed class/struct/union)","src/ucl_hash.c",127,127,"c4"
"(unnamed class/struct/union)","src/ucl_hash.c",127,127,"c8"
"(unnamed class/struct/union)","src/ucl_hash.c",127,127,"c7"
"(unnamed class/struct/union)","src/ucl_hash.c",127,127,"c6"
"(unnamed class/struct/union)","src/ucl_hash.c",127,127,"c5"
"(unnamed class/struct/union)","src/ucl_hash.c",187,187,"c"
"(unnamed class/struct/union)","src/ucl_hash.c",187,187,"n"
"(unnamed class/struct/union)","src/ucl_hash.c",546,546,"c"
"(unnamed class/struct/union)","src/ucl_hash.c",546,546,"n"
"(unnamed class/struct/union)","src/ucl_msgpack.c",191,191,"i"
"(unnamed class/struct/union)","src/ucl_msgpack.c",191,191,"d"
"(unnamed class/struct/union)","src/ucl_msgpack.c",1453,1453,"f"
"(unnamed class/struct/union)","src/ucl_msgpack.c",1453,1453,"i"
"(unnamed class/struct/union)","src/ucl_parser.c",230,230,"c"
"(unnamed class/struct/union)","src/ucl_parser.c",230,230,"mult_bytes"
"(unnamed class/struct/union)","src/ucl_parser.c",230,230,"mult_normal"
"(unnamed class/struct/union)","src/ucl_parser.c",261,261,"c"
"(unnamed class/struct/union)","src/ucl_parser.c",261,261,"mult"
"(unnamed class/struct/union)","src/ucl_schema.c",430,430,"avl_height"
"(unnamed class/struct/union)","src/ucl_schema.c",430,430,"avl_right"
"(unnamed class/struct/union)","src/ucl_schema.c",430,430,"avl_left"
"(unnamed class/struct/union)","src/ucl_util.c",48,48,"a"
"(unnamed class/struct/union)","src/ucl_util.c",48,48,"n"
"(unnamed class/struct/union)","src/ucl_util.c",48,48,"m"
"(unnamed class/struct/union)","tests/test_msgpack.c",59,59,"state"
"(unnamed class/struct/union)","tests/test_msgpack.c",59,59,"inc"
"ucl_hash_struct","src/ucl_hash.c",38,38,"caseless"
"ucl_hash_struct","src/ucl_hash.c",38,38,"head"
"ucl_hash_struct","src/ucl_hash.c",38,38,"hash"
"ucl_object_userdata","src/ucl_internal.h",278,278,"obj"
"ucl_object_userdata","src/ucl_internal.h",278,278,"emitter"
"ucl_object_userdata","src/ucl_internal.h",278,278,"dtor"
"ucl_parser","src/ucl_internal.h",251,251,"comments"
"ucl_parser","src/ucl_internal.h",251,251,"err"
"ucl_parser","src/ucl_internal.h",251,251,"last_comment"
"ucl_parser","src/ucl_internal.h",251,251,"var_data"
"ucl_parser","src/ucl_internal.h",251,251,"var_handler"
"ucl_parser","src/ucl_internal.h",251,251,"variables"
"ucl_parser","src/ucl_internal.h",251,251,"include_trace_ud"
"ucl_parser","src/ucl_internal.h",251,251,"include_trace_func"
"ucl_parser","src/ucl_internal.h",251,251,"special_handlers"
"ucl_parser","src/ucl_internal.h",251,251,"keys"
"ucl_parser","src/ucl_internal.h",251,251,"chunks"
"ucl_parser","src/ucl_internal.h",251,251,"stack"
"ucl_parser","src/ucl_internal.h",251,251,"flags"
"ucl_parser","src/ucl_internal.h",251,251,"macroes"
"ucl_parser","src/ucl_internal.h",251,251,"cur_file"
"ucl_parser","src/ucl_internal.h",251,251,"includepaths"
"ucl_parser","src/ucl_internal.h",251,251,"trash_objs"
"ucl_parser","src/ucl_internal.h",251,251,"cur_obj"
"ucl_parser","src/ucl_internal.h",251,251,"top_obj"
"ucl_parser","src/ucl_internal.h",251,251,"err_code"
"ucl_parser","src/ucl_internal.h",251,251,"default_priority"
"ucl_parser","src/ucl_internal.h",251,251,"recursion"
"ucl_parser","src/ucl_internal.h",251,251,"prev_state"
"ucl_parser","src/ucl_internal.h",251,251,"state"
"ucl_variable","src/ucl_internal.h",243,243,"next"
"ucl_variable","src/ucl_internal.h",243,243,"prev"
"ucl_variable","src/ucl_internal.h",243,243,"value_len"
"ucl_variable","src/ucl_internal.h",243,243,"var_len"
"ucl_variable","src/ucl_internal.h",243,243,"value"
"ucl_variable","src/ucl_internal.h",243,243,"var"
"ucl_pubkey","src/ucl_internal.h",238,238,"next"
"ucl_stack","src/ucl_internal.h",196,196,"obj"
"ucl_stack","src/ucl_internal.h",196,196,"next"
"ucl_stack","src/ucl_internal.h",196,196,"chunk"
"ucl_stack","src/ucl_internal.h",196,196,"e"
"ucl_chunk","src/ucl_internal.h",217,217,"next"
"ucl_chunk","src/ucl_internal.h",217,217,"special_handlers"
"ucl_chunk","src/ucl_internal.h",217,217,"begin"
"ucl_chunk","src/ucl_internal.h",217,217,"parse_type"
"ucl_chunk","src/ucl_internal.h",217,217,"strategy"
"ucl_chunk","src/ucl_internal.h",217,217,"priority"
"ucl_chunk","src/ucl_internal.h",217,217,"column"
"ucl_chunk","src/ucl_internal.h",217,217,"line"
"ucl_chunk","src/ucl_internal.h",217,217,"remain"
"ucl_chunk","src/ucl_internal.h",217,217,"fname"
"ucl_chunk","src/ucl_internal.h",217,217,"pos"
"ucl_chunk","src/ucl_internal.h",217,217,"end"
"ucl_parser_special_handler_chain","src/ucl_internal.h",210,210,"next"
"ucl_parser_special_handler_chain","src/ucl_internal.h",210,210,"len"
"ucl_parser_special_handler_chain","src/ucl_internal.h",210,210,"special_handler"
"ucl_parser_special_handler_chain","src/ucl_internal.h",210,210,"begin"
"ucl_macro","src/ucl_internal.h",179,179,"ud"
"ucl_macro","src/ucl_internal.h",179,179,"name"
"ucl_macro","src/ucl_internal.h",179,179,"hh"
"ucl_macro","src/ucl_internal.h",179,179,"is_context"
"ucl_macro","src/ucl_internal.h",179,179,"h"
"_ucl_macro","src/ucl_internal.h",181,181,"context_handler"
"_ucl_macro","src/ucl_internal.h",181,181,"handler"
"ucl_hash_real_iter","src/ucl_hash.c",392,392,"cur"
"kh_ucl_hash_caseless_node_s","src/ucl_hash.c",228,229,"size"
"kh_ucl_hash_caseless_node_s","src/ucl_hash.c",228,229,"keys"
"kh_ucl_hash_caseless_node_s","src/ucl_hash.c",228,229,"flags"
"kh_ucl_hash_caseless_node_s","src/ucl_hash.c",228,229,"vals"
"kh_ucl_hash_caseless_node_s","src/ucl_hash.c",228,229,"upper_bound"
"kh_ucl_hash_caseless_node_s","src/ucl_hash.c",228,229,"n_occupied"
"kh_ucl_hash_caseless_node_s","src/ucl_hash.c",228,229,"n_buckets"
"kh_ucl_hash_node_s","src/ucl_hash.c",116,117,"size"
"kh_ucl_hash_node_s","src/ucl_hash.c",116,117,"keys"
"kh_ucl_hash_node_s","src/ucl_hash.c",116,117,"flags"
"kh_ucl_hash_node_s","src/ucl_hash.c",116,117,"vals"
"kh_ucl_hash_node_s","src/ucl_hash.c",116,117,"upper_bound"
"kh_ucl_hash_node_s","src/ucl_hash.c",116,117,"n_occupied"
"kh_ucl_hash_node_s","src/ucl_hash.c",116,117,"n_buckets"
"ucl_hash_elt","src/ucl_hash.c",33,33,"obj"
"ucl_hash_elt","src/ucl_hash.c",33,33,"next"
"ucl_hash_elt","src/ucl_hash.c",33,33,"prev"
"ucl_msgpack_parser","src/ucl_msgpack.c",437,437,"func"
"ucl_msgpack_parser","src/ucl_msgpack.c",437,437,"len"
"ucl_msgpack_parser","src/ucl_msgpack.c",437,437,"fmt"
"ucl_msgpack_parser","src/ucl_msgpack.c",437,437,"flags"
"ucl_msgpack_parser","src/ucl_msgpack.c",437,437,"prefixlen"
"ucl_msgpack_parser","src/ucl_msgpack.c",437,437,"prefix"
"ucl_parser_saved_state","src/ucl_parser.c",34,34,"column"
"ucl_parser_saved_state","src/ucl_parser.c",34,34,"line"
"ucl_parser_saved_state","src/ucl_parser.c",34,34,"remain"
"ucl_parser_saved_state","src/ucl_parser.c",34,34,"pos"
"ucl_compare_node","src/ucl_schema.c",428,428,"obj"
"ucl_compare_node","src/ucl_schema.c",428,428,"next"
"ucl_compare_node","src/ucl_schema.c",428,428,"link"
"_tree","src/ucl_schema.c",435,435,"th_cmp"
"_tree","src/ucl_schema.c",435,435,"th_root"
"ucl_schema_error","include/ucl.h",1589,1589,"obj"
"ucl_schema_error","include/ucl.h",1589,1589,"code"
"ucl_schema_error","include/ucl.h",1589,1589,"msg"
"ucl_emitter_operations","include/ucl.h",1421,1421,"ucl_emitter_end_array"
"ucl_emitter_operations","include/ucl.h",1421,1421,"ucl_emitter_start_array"
"ucl_emitter_operations","include/ucl.h",1421,1421,"ucl_emitter_end_object"
"ucl_emitter_operations","include/ucl.h",1421,1421,"ucl_emitter_start_object"
"ucl_emitter_operations","include/ucl.h",1421,1421,"ucl_emitter_write_elt"
"ucl_emitter_context","include/ucl.h",1441,1441,"func"
"ucl_emitter_context","include/ucl.h",1441,1441,"comments"
"ucl_emitter_context","include/ucl.h",1441,1441,"top"
"ucl_emitter_context","include/ucl.h",1441,1441,"indent"
"ucl_emitter_context","include/ucl.h",1441,1441,"ops"
"ucl_emitter_context","include/ucl.h",1441,1441,"id"
"ucl_emitter_context","include/ucl.h",1441,1441,"name"
"ucl_emitter_functions","include/ucl.h",1406,1406,"ud"
"ucl_emitter_functions","include/ucl.h",1406,1406,"ucl_emitter_free_func"
"ucl_emitter_functions","include/ucl.h",1406,1406,"ucl_emitter_append_double"
"ucl_emitter_functions","include/ucl.h",1406,1406,"ucl_emitter_append_int"
"ucl_emitter_functions","include/ucl.h",1406,1406,"ucl_emitter_append_len"
"ucl_emitter_functions","include/ucl.h",1406,1406,"ucl_emitter_append_character"
"ucl_parser_special_handler","include/ucl.h",1349,1349,"next"
"ucl_parser_special_handler","include/ucl.h",1349,1349,"flags"
"ucl_parser_special_handler","include/ucl.h",1349,1349,"handler"
"ucl_parser_special_handler","include/ucl.h",1349,1349,"user_data"
"ucl_parser_special_handler","include/ucl.h",1349,1349,"free_function"
"ucl_parser_special_handler","include/ucl.h",1349,1349,"magic_len"
"ucl_parser_special_handler","include/ucl.h",1349,1349,"magic"
"ucl_object_s","include/ucl.h",233,233,"next"
"ucl_object_s","include/ucl.h",233,233,"len"
"ucl_object_s","include/ucl.h",233,233,"key"
"ucl_object_s","include/ucl.h",233,233,"keylen"
"ucl_object_s","include/ucl.h",233,233,"prev"
"ucl_object_s","include/ucl.h",233,233,"value"
"ucl_object_s","include/ucl.h",233,233,"flags"
"ucl_object_s","include/ucl.h",233,233,"type"
"ucl_object_s","include/ucl.h",233,233,"ref"
"ucl_object_s","include/ucl.h",233,233,"trash_stack"
"UT_hash_table","uthash/uthash.h",676,676,"signature"
"UT_hash_table","uthash/uthash.h",676,676,"noexpand"
"UT_hash_table","uthash/uthash.h",676,676,"ineff_expands"
"UT_hash_table","uthash/uthash.h",676,676,"nonideal_items"
"UT_hash_table","uthash/uthash.h",676,676,"ideal_chain_maxlen"
"UT_hash_table","uthash/uthash.h",676,676,"hho"
"UT_hash_table","uthash/uthash.h",676,676,"tail"
"UT_hash_table","uthash/uthash.h",676,676,"num_items"
"UT_hash_table","uthash/uthash.h",676,676,"log2_num_buckets"
"UT_hash_table","uthash/uthash.h",676,676,"num_buckets"
"UT_hash_table","uthash/uthash.h",676,676,"buckets"
"UT_hash_handle","uthash/uthash.h",709,709,"next"
"UT_hash_handle","uthash/uthash.h",709,709,"key"
"UT_hash_handle","uthash/uthash.h",709,709,"keylen"
"UT_hash_handle","uthash/uthash.h",709,709,"prev"
"UT_hash_handle","uthash/uthash.h",709,709,"hashv"
"UT_hash_handle","uthash/uthash.h",709,709,"hh_next"
"UT_hash_handle","uthash/uthash.h",709,709,"hh_prev"
"UT_hash_handle","uthash/uthash.h",709,709,"tbl"
"UT_hash_bucket","uthash/uthash.h",652,652,"expand_mult"
"UT_hash_bucket","uthash/uthash.h",652,652,"count"
"UT_hash_bucket","uthash/uthash.h",652,652,"hh_head"
"ucl_object_safe_iter","src/ucl_util.c",2779,2779,"flags"
"ucl_object_safe_iter","src/ucl_util.c",2779,2779,"magic"
"ucl_object_safe_iter","src/ucl_util.c",2779,2779,"expl_it"
"ucl_object_safe_iter","src/ucl_util.c",2779,2779,"impl_it"
"ucl_include_params","src/ucl_util.c",985,985,"parse_type"
"ucl_include_params","src/ucl_util.c",985,985,"priority"
"ucl_include_params","src/ucl_util.c",985,985,"must_exist"
"ucl_include_params","src/ucl_util.c",985,985,"prefix"
"ucl_include_params","src/ucl_util.c",985,985,"strat"
"ucl_include_params","src/ucl_util.c",985,985,"target"
"ucl_include_params","src/ucl_util.c",985,985,"allow_glob"
"ucl_include_params","src/ucl_util.c",985,985,"soft_fail"
"ucl_include_params","src/ucl_util.c",985,985,"use_prefix"
"ucl_include_params","src/ucl_util.c",985,985,"use_glob"
"ucl_include_params","src/ucl_util.c",985,985,"check_signature"
