"name","file","start_line","end_line","scope"
"__repr__","tests/legacy_tests/test_recursive.py",10,10,"Class AnInstance"
"__repr__","lib/yaml/nodes.py",8,8,"Class Node"
"__repr__","lib/yaml/tokens.py",6,6,"Class Token"
"__repr__","lib/yaml/events.py",8,8,"Class Event"
"__eq__","tests/legacy_tests/test_constructor.py",32,32,"Class MyTestClass1"
"__eq__","tests/legacy_tests/test_constructor.py",91,91,"Class YAMLObject1"
"__eq__","tests/legacy_tests/test_constructor.py",111,111,"Class YAMLObject2"
"__eq__","tests/legacy_tests/test_constructor.py",127,127,"Class AnObject"
"__eq__","tests/legacy_tests/test_constructor.py",139,139,"Class AnInstance"
"__eq__","tests/legacy_tests/test_constructor.py",196,196,"Class Slots"
"__eq__","tests/legacy_tests/test_constructor.py",201,201,"Class MyInt"
"__eq__","tests/legacy_tests/test_constructor.py",207,207,"Class MyList"
"__eq__","tests/legacy_tests/test_constructor.py",214,214,"Class MyDict"
"__reduce__","tests/legacy_tests/test_constructor.py",180,180,"Class Reduce"
"__reduce__","tests/legacy_tests/test_constructor.py",184,184,"Class ReduceWithState"
"__getstate__","tests/legacy_tests/test_recursive.py",19,19,"Class AnInstanceWithState"
"__getstate__","tests/legacy_tests/test_constructor.py",105,105,"Class YAMLObject2"
"__getstate__","tests/legacy_tests/test_constructor.py",144,144,"Class AState"
"__getstate__","tests/legacy_tests/test_constructor.py",156,156,"Class ACustomState"
"__getstate__","tests/legacy_tests/test_constructor.py",164,164,"Class NewArgs"
"__getstate__","tests/legacy_tests/test_constructor.py",170,170,"Class NewArgsWithState"
"__init__","setup.py",125,125,"Class Distribution"
"__init__","setup.py",171,172,"Class Extension"
"__init__","lib/yaml/reader.py",26,26,"Class ReaderError"
"__init__","lib/yaml/reader.py",59,59,"Class Reader"
"__init__","lib/yaml/scanner.py",38,38,"Class SimpleKey"
"__init__","lib/yaml/scanner.py",48,48,"Class Scanner"
"__init__","examples/pygments-lexer/yaml.py",24,24,"Class YAMLLexerContext"
"__init__","lib/yaml/__init__.py",351,351,"Class YAMLObjectMetaclass"
"__init__","tests/legacy_tests/test_recursive.py",6,6,"Class AnInstance"
"__init__","lib/yaml/representer.py",18,18,"Class BaseRepresenter"
"__init__","tests/legacy_tests/conftest.py",26,26,"Class PyYAMLItem"
"__init__","tests/legacy_tests/conftest.py",47,47,"Class PyYAMLCollector"
"__init__","lib/yaml/nodes.py",3,3,"Class Node"
"__init__","lib/yaml/nodes.py",27,28,"Class ScalarNode"
"__init__","lib/yaml/nodes.py",36,37,"Class CollectionNode"
"__init__","tests/legacy_tests/test_constructor.py",28,28,"Class MyTestClass1"
"__init__","tests/legacy_tests/test_constructor.py",88,88,"Class YAMLObject1"
"__init__","tests/legacy_tests/test_constructor.py",101,101,"Class YAMLObject2"
"__init__","tests/legacy_tests/test_constructor.py",132,132,"Class AnInstance"
"__init__","tests/legacy_tests/test_constructor.py",191,191,"Class Slots"
"__init__","tests/legacy_tests/test_constructor.py",205,205,"Class MyList"
"__init__","tests/legacy_tests/test_constructor.py",211,211,"Class MyDict"
"__init__","tests/legacy_tests/test_constructor.py",218,218,"Class FixedOffset"
"__init__","lib/yaml/loader.py",13,13,"Class BaseLoader"
"__init__","lib/yaml/loader.py",23,23,"Class FullLoader"
"__init__","lib/yaml/loader.py",33,33,"Class SafeLoader"
"__init__","lib/yaml/loader.py",43,43,"Class Loader"
"__init__","lib/yaml/loader.py",57,57,"Class UnsafeLoader"
"__init__","lib/yaml/composer.py",13,13,"Class Composer"
"__init__","lib/yaml/emitter.py",18,21,"Class ScalarAnalysis"
"__init__","lib/yaml/emitter.py",38,39,"Class Emitter"
"__init__","lib/yaml/error.py",6,6,"Class Mark"
"__init__","lib/yaml/error.py",50,51,"Class MarkedYAMLError"
"__init__","lib/yaml/serializer.py",15,16,"Class Serializer"
"__init__","lib/yaml/cyaml.py",18,18,"Class CBaseLoader"
"__init__","lib/yaml/cyaml.py",25,25,"Class CSafeLoader"
"__init__","lib/yaml/cyaml.py",32,32,"Class CFullLoader"
"__init__","lib/yaml/cyaml.py",39,39,"Class CUnsafeLoader"
"__init__","lib/yaml/cyaml.py",46,46,"Class CLoader"
"__init__","lib/yaml/cyaml.py",53,58,"Class CBaseDumper"
"__init__","lib/yaml/cyaml.py",70,75,"Class CSafeDumper"
"__init__","lib/yaml/cyaml.py",87,92,"Class CDumper"
"__init__","lib/yaml/parser.py",81,81,"Class Parser"
"__init__","lib/yaml/tokens.py",3,3,"Class Token"
"__init__","lib/yaml/tokens.py",19,19,"Class DirectiveToken"
"__init__","lib/yaml/tokens.py",33,34,"Class StreamStartToken"
"__init__","lib/yaml/tokens.py",77,77,"Class AliasToken"
"__init__","lib/yaml/tokens.py",84,84,"Class AnchorToken"
"__init__","lib/yaml/tokens.py",91,91,"Class TagToken"
"__init__","lib/yaml/tokens.py",98,98,"Class ScalarToken"
"__init__","lib/yaml/constructor.py",24,24,"Class BaseConstructor"
"__init__","lib/yaml/dumper.py",11,16,"Class BaseDumper"
"__init__","lib/yaml/dumper.py",29,34,"Class SafeDumper"
"__init__","lib/yaml/dumper.py",47,52,"Class Dumper"
"__init__","lib/yaml/events.py",5,5,"Class Event"
"__init__","lib/yaml/events.py",16,16,"Class NodeEvent"
"__init__","lib/yaml/events.py",22,23,"Class CollectionStartEvent"
"__init__","lib/yaml/events.py",37,37,"Class StreamStartEvent"
"__init__","lib/yaml/events.py",46,47,"Class DocumentStartEvent"
"__init__","lib/yaml/events.py",55,56,"Class DocumentEndEvent"
"__init__","lib/yaml/events.py",65,66,"Class ScalarEvent"
"__init__","examples/yaml-highlight/yaml_hl.py",7,8,"Class Style"
"__init__","examples/yaml-highlight/yaml_hl.py",39,39,"Class YAMLHighlight"
"__init__","lib/yaml/resolver.py",21,21,"Class BaseResolver"
"__init__","packaging/_pyyaml_pep517.py",21,21,"Class ActiveConfigSettings"
"__init__","tests/legacy_tests/canonical.py",9,9,"Class CanonicalScanner"
"__init__","tests/legacy_tests/canonical.py",211,211,"Class CanonicalParser"
"__init__","tests/legacy_tests/canonical.py",321,321,"Class CanonicalLoader"
"__new__","tests/legacy_tests/test_constructor.py",118,118,"Class AnObject"
"__str__","lib/yaml/reader.py",33,33,"Class ReaderError"
"__str__","lib/yaml/error.py",37,37,"Class Mark"
"__str__","lib/yaml/error.py",58,58,"Class MarkedYAMLError"
"__getnewargs__","tests/legacy_tests/test_constructor.py",162,162,"Class NewArgs"
"__getnewargs__","tests/legacy_tests/test_constructor.py",168,168,"Class NewArgsWithState"
"close","lib/yaml/serializer.py",36,36,"Class Serializer"
"__enter__","packaging/_pyyaml_pep517.py",24,24,"Class ActiveConfigSettings"
"__exit__","packaging/_pyyaml_pep517.py",27,27,"Class ActiveConfigSettings"
"update","lib/yaml/reader.py",146,146,"Class Reader"
"get_data","lib/yaml/constructor.py",42,42,"Class BaseConstructor"
"prefix","lib/yaml/reader.py",94,94,"Class Reader"
"__setstate__","tests/legacy_tests/test_recursive.py",22,22,"Class AnInstanceWithState"
"__setstate__","tests/legacy_tests/test_constructor.py",107,107,"Class YAMLObject2"
"__setstate__","tests/legacy_tests/test_constructor.py",150,150,"Class AState"
"__setstate__","tests/legacy_tests/test_constructor.py",158,158,"Class ACustomState"
"__setstate__","tests/legacy_tests/test_constructor.py",172,172,"Class NewArgsWithState"
"__setstate__","tests/legacy_tests/test_constructor.py",186,186,"Class ReduceWithState"
"__setstate__","examples/yaml-highlight/yaml_hl.py",29,29,"Class Style"
"open","lib/yaml/serializer.py",27,27,"Class Serializer"
"warnings","lib/yaml/__init__.py",24,24,"Module yaml.__init__"
"scan","lib/yaml/__init__.py",29,29,"Module yaml.__init__"
"scan","tests/legacy_tests/canonical.py",49,49,"Class CanonicalScanner"
"check_token","lib/yaml/scanner.py",113,113,"Class Scanner"
"check_token","tests/legacy_tests/canonical.py",20,20,"Class CanonicalScanner"
"get_token","lib/yaml/scanner.py",135,135,"Class Scanner"
"get_token","tests/legacy_tests/canonical.py",37,37,"Class CanonicalScanner"
"dispose","lib/yaml/emitter.py",106,106,"Class Emitter"
"dispose","lib/yaml/parser.py",89,89,"Class Parser"
"dispose","tests/legacy_tests/canonical.py",215,215,"Class CanonicalParser"
"parse","lib/yaml/__init__.py",40,40,"Module yaml.__init__"
"parse","tests/legacy_tests/canonical.py",293,293,"Class CanonicalParser"
"check_event","lib/yaml/parser.py",94,94,"Class Parser"
"check_event","tests/legacy_tests/canonical.py",302,302,"Class CanonicalParser"
"get_event","lib/yaml/parser.py",114,114,"Class Parser"
"get_event","tests/legacy_tests/canonical.py",297,297,"Class CanonicalParser"
"compose","lib/yaml/__init__.py",51,51,"Module yaml.__init__"
"get_single_node","lib/yaml/composer.py",29,29,"Class Composer"
"compose_all","lib/yaml/__init__.py",62,62,"Module yaml.__init__"
"check_node","lib/yaml/composer.py",16,16,"Class Composer"
"get_node","lib/yaml/composer.py",24,24,"Class Composer"
"load","lib/yaml/__init__.py",74,74,"Module yaml.__init__"
"get_single_data","lib/yaml/constructor.py",47,47,"Class BaseConstructor"
"load_all","lib/yaml/__init__.py",85,85,"Module yaml.__init__"
"check_data","lib/yaml/constructor.py",30,30,"Class BaseConstructor"
"full_load","lib/yaml/__init__.py",97,97,"Module yaml.__init__"
"full_load_all","lib/yaml/__init__.py",107,107,"Module yaml.__init__"
"safe_load","lib/yaml/__init__.py",117,117,"Module yaml.__init__"
"safe_load_all","lib/yaml/__init__.py",127,127,"Module yaml.__init__"
"unsafe_load","lib/yaml/__init__.py",137,137,"Module yaml.__init__"
"unsafe_load_all","lib/yaml/__init__.py",147,147,"Module yaml.__init__"
"emit","lib/yaml/__init__.py",157,159,"Module yaml.__init__"
"emit","lib/yaml/emitter.py",111,111,"Class Emitter"
"serialize_all","lib/yaml/__init__.py",178,182,"Module yaml.__init__"
"serialize","lib/yaml/__init__.py",208,208,"Module yaml.__init__"
"serialize","lib/yaml/serializer.py",46,46,"Class Serializer"
"dump_all","lib/yaml/__init__.py",215,220,"Module yaml.__init__"
"represent","lib/yaml/representer.py",26,26,"Class BaseRepresenter"
"dump","lib/yaml/__init__.py",248,248,"Module yaml.__init__"
"safe_dump_all","lib/yaml/__init__.py",255,255,"Module yaml.__init__"
"safe_dump","lib/yaml/__init__.py",263,263,"Module yaml.__init__"
"add_implicit_resolver","lib/yaml/__init__.py",271,272,"Module yaml.__init__"
"add_implicit_resolver","lib/yaml/resolver.py",26,26,"Class BaseResolver"
"add_path_resolver","lib/yaml/__init__.py",287,287,"Module yaml.__init__"
"add_path_resolver","lib/yaml/resolver.py",38,38,"Class BaseResolver"
"add_constructor","lib/yaml/__init__.py",302,302,"Module yaml.__init__"
"add_constructor","lib/yaml/constructor.py",160,160,"Class BaseConstructor"
"add_multi_constructor","lib/yaml/__init__.py",315,315,"Module yaml.__init__"
"add_multi_constructor","lib/yaml/constructor.py",166,166,"Class BaseConstructor"
"add_representer","lib/yaml/__init__.py",329,329,"Module yaml.__init__"
"add_representer","lib/yaml/representer.py",66,66,"Class BaseRepresenter"
"add_multi_representer","lib/yaml/__init__.py",338,338,"Module yaml.__init__"
"add_multi_representer","lib/yaml/representer.py",72,72,"Class BaseRepresenter"
"from_yaml","lib/yaml/__init__.py",377,377,"Class YAMLObject"
"from_yaml","tests/legacy_tests/test_constructor.py",62,62,"Class MyTestClass2"
"from_yaml","tests/legacy_tests/test_constructor.py",72,72,"Class MyTestClass3"
"to_yaml","lib/yaml/__init__.py",384,384,"Class YAMLObject"
"to_yaml","tests/legacy_tests/test_constructor.py",66,66,"Class MyTestClass2"
"to_yaml","tests/legacy_tests/test_constructor.py",80,80,"Class MyTestClass3"
"construct_yaml_object","lib/yaml/constructor.py",416,416,"Class SafeConstructor"
"represent_yaml_object","lib/yaml/representer.py",223,223,"Class SafeRepresenter"
"_bridge_build_meta","packaging/_pyyaml_pep517.py",4,4,"Script _pyyaml_pep517.py"
"_expose_config_settings","packaging/_pyyaml_pep517.py",35,35,"Script _pyyaml_pep517.py"
"current","setup.py",107,107,"Class ActiveConfigSettings"
"current","packaging/_pyyaml_pep517.py",31,31,"Class ActiveConfigSettings"
"peek_token","lib/yaml/scanner.py",125,125,"Class Scanner"
"peek_token","tests/legacy_tests/canonical.py",31,31,"Class CanonicalScanner"
"get_token_value","tests/legacy_tests/canonical.py",45,45,"Class CanonicalScanner"
"find_token","tests/legacy_tests/canonical.py",196,196,"Class CanonicalScanner"
"scan_directive","lib/yaml/scanner.py",787,787,"Class Scanner"
"scan_directive","tests/legacy_tests/canonical.py",95,95,"Class CanonicalScanner"
"scan_alias","tests/legacy_tests/canonical.py",103,103,"Class CanonicalScanner"
"scan_tag","lib/yaml/scanner.py",935,935,"Class Scanner"
"scan_tag","tests/legacy_tests/canonical.py",115,115,"Class CanonicalScanner"
"scan_scalar","tests/legacy_tests/canonical.py",156,156,"Class CanonicalScanner"
"parse_stream","tests/legacy_tests/canonical.py",219,219,"Class CanonicalParser"
"parse_document","tests/legacy_tests/canonical.py",231,231,"Class CanonicalParser"
"parse_node","lib/yaml/parser.py",273,273,"Class Parser"
"parse_node","tests/legacy_tests/canonical.py",241,241,"Class CanonicalParser"
"parse_sequence","tests/legacy_tests/canonical.py",263,263,"Class CanonicalParser"
"parse_mapping","tests/legacy_tests/canonical.py",275,275,"Class CanonicalParser"
"parse_map_entry","tests/legacy_tests/canonical.py",287,287,"Class CanonicalParser"
"peek_event","lib/yaml/parser.py",107,107,"Class Parser"
"peek_event","tests/legacy_tests/canonical.py",313,313,"Class CanonicalParser"
"canonical_scan","tests/legacy_tests/canonical.py",332,332,"Module canonical"
"canonical_parse","tests/legacy_tests/canonical.py",337,337,"Module canonical"
"canonical_compose","tests/legacy_tests/canonical.py",342,342,"Module canonical"
"canonical_compose_all","tests/legacy_tests/canonical.py",347,347,"Module canonical"
"canonical_load","tests/legacy_tests/canonical.py",352,352,"Module canonical"
"canonical_load_all","tests/legacy_tests/canonical.py",357,357,"Module canonical"
"compose_document","lib/yaml/composer.py",50,50,"Class Composer"
"compose_node","lib/yaml/composer.py",63,63,"Class Composer"
"descend_resolver","lib/yaml/resolver.py",91,91,"Class BaseResolver"
"compose_scalar_node","lib/yaml/composer.py",88,88,"Class Composer"
"compose_sequence_node","lib/yaml/composer.py",99,99,"Class Composer"
"compose_mapping_node","lib/yaml/composer.py",117,117,"Class Composer"
"ascend_resolver","lib/yaml/resolver.py",114,114,"Class BaseResolver"
"resolve","lib/yaml/resolver.py",143,143,"Class BaseResolver"
"find_test_filenames","tests/legacy_tests/test_appliance.py",21,21,"Module test_appliance"
"runtest","tests/legacy_tests/conftest.py",39,39,"Class PyYAMLItem"
"reportinfo","tests/legacy_tests/conftest.py",42,42,"Class PyYAMLItem"
"reportinfo","tests/legacy_tests/conftest.py",82,82,"Class PyYAMLCollector"
"collect","tests/legacy_tests/conftest.py",58,58,"Class PyYAMLCollector"
"from_parent","tests/legacy_tests/conftest.py",86,86,"Class PyYAMLCollector"
"pytest_pycollect_makeitem","tests/legacy_tests/conftest.py",91,91,"Script conftest.py"
"pytest_collection_modifyitems","tests/legacy_tests/conftest.py",112,112,"Script conftest.py"
"pytest_ignore_collect","tests/legacy_tests/conftest.py",116,116,"Script conftest.py"
"check_state_key","lib/yaml/constructor.py",34,34,"Class BaseConstructor"
"get_state_keys_blacklist_regexp","lib/yaml/constructor.py",489,489,"Class FullConstructor"
"construct_document","lib/yaml/constructor.py",54,54,"Class BaseConstructor"
"construct_object","lib/yaml/constructor.py",67,67,"Class BaseConstructor"
"construct_scalar","lib/yaml/constructor.py",117,117,"Class BaseConstructor"
"construct_scalar","lib/yaml/constructor.py",173,173,"Class SafeConstructor"
"construct_sequence","tests/legacy_tests/test_structure.py",148,148,"Class MyLoader"
"construct_sequence","tests/legacy_tests/test_structure.py",164,164,"Class MyCanonicalLoader"
"construct_sequence","lib/yaml/constructor.py",124,124,"Class BaseConstructor"
"construct_mapping","tests/legacy_tests/test_structure.py",150,150,"Class MyLoader"
"construct_mapping","tests/legacy_tests/test_structure.py",166,166,"Class MyCanonicalLoader"
"construct_mapping","lib/yaml/constructor.py",132,132,"Class BaseConstructor"
"construct_mapping","lib/yaml/constructor.py",215,215,"Class SafeConstructor"
"listcomp","lib/yaml/representer.py",363,363,"Function represent_ordered_dict"
"listcomp",".github/actions/dynamatrix/matrix_yaml_to_json.py",29,29,"Function _filter_omit_entries"
"listcomp","lib/yaml/tokens.py",7,8,"Function __repr__"
"listcomp","lib/yaml/tokens.py",10,11,"Function __repr__"
"listcomp","lib/yaml/constructor.py",129,130,"Function construct_sequence"
"listcomp","lib/yaml/constructor.py",254,254,"Function construct_yaml_int"
"listcomp","lib/yaml/constructor.py",283,283,"Function construct_yaml_float"
"listcomp","lib/yaml/events.py",9,10,"Function __repr__"
"listcomp","lib/yaml/events.py",11,12,"Function __repr__"
"listcomp","examples/yaml-highlight/yaml_hl.py",17,17,"Function __init__"
"construct_pairs","lib/yaml/constructor.py",147,147,"Class BaseConstructor"
"flatten_mapping","lib/yaml/constructor.py",180,180,"Class SafeConstructor"
"construct_yaml_null","lib/yaml/constructor.py",220,220,"Class SafeConstructor"
"construct_yaml_bool","lib/yaml/constructor.py",233,233,"Class SafeConstructor"
"construct_yaml_int","lib/yaml/constructor.py",237,237,"Class SafeConstructor"
"construct_yaml_float","lib/yaml/constructor.py",270,270,"Class SafeConstructor"
"construct_yaml_binary","lib/yaml/constructor.py",294,294,"Class SafeConstructor"
"construct_yaml_timestamp","lib/yaml/constructor.py",322,322,"Class SafeConstructor"
"construct_yaml_omap","lib/yaml/constructor.py",353,353,"Class SafeConstructor"
"construct_yaml_pairs","lib/yaml/constructor.py",375,375,"Class SafeConstructor"
"construct_yaml_set","lib/yaml/constructor.py",396,396,"Class SafeConstructor"
"construct_yaml_str","lib/yaml/constructor.py",402,402,"Class SafeConstructor"
"construct_yaml_seq","lib/yaml/constructor.py",405,405,"Class SafeConstructor"
"construct_yaml_map","lib/yaml/constructor.py",410,410,"Class SafeConstructor"
"construct_undefined","tests/legacy_tests/test_structure.py",154,154,"Class MyLoader"
"construct_undefined","tests/legacy_tests/test_structure.py",170,170,"Class MyCanonicalLoader"
"construct_undefined","lib/yaml/constructor.py",426,426,"Class SafeConstructor"
"get_state_keys_blacklist","tests/legacy_tests/test_constructor.py",229,229,"Class MyFullLoader"
"get_state_keys_blacklist","lib/yaml/constructor.py",486,486,"Class FullConstructor"
"construct_python_str","lib/yaml/constructor.py",494,494,"Class FullConstructor"
"construct_python_unicode","lib/yaml/constructor.py",497,497,"Class FullConstructor"
"construct_python_bytes","lib/yaml/constructor.py",500,500,"Class FullConstructor"
"construct_python_long","lib/yaml/constructor.py",516,516,"Class FullConstructor"
"construct_python_complex","lib/yaml/constructor.py",519,519,"Class FullConstructor"
"construct_python_tuple","lib/yaml/constructor.py",522,522,"Class FullConstructor"
"find_python_module","lib/yaml/constructor.py",525,525,"Class FullConstructor"
"find_python_module","lib/yaml/constructor.py",715,715,"Class UnsafeConstructor"
"find_python_name","lib/yaml/constructor.py",540,540,"Class FullConstructor"
"find_python_name","lib/yaml/constructor.py",718,718,"Class UnsafeConstructor"
"construct_python_name","lib/yaml/constructor.py",565,565,"Class FullConstructor"
"construct_python_module","lib/yaml/constructor.py",572,572,"Class FullConstructor"
"make_python_instance","lib/yaml/constructor.py",579,580,"Class FullConstructor"
"make_python_instance","lib/yaml/constructor.py",721,721,"Class UnsafeConstructor"
"set_python_instance_state","lib/yaml/constructor.py",595,595,"Class FullConstructor"
"set_python_instance_state","lib/yaml/constructor.py",725,725,"Class UnsafeConstructor"
"construct_python_object","lib/yaml/constructor.py",614,614,"Class FullConstructor"
"construct_python_object_apply","lib/yaml/constructor.py",623,623,"Class FullConstructor"
"construct_python_object_new","lib/yaml/constructor.py",658,658,"Class FullConstructor"
"expect_stream_start","lib/yaml/emitter.py",160,160,"Class Emitter"
"need_more_events","lib/yaml/emitter.py",120,120,"Class Emitter"
"need_events","lib/yaml/emitter.py",133,133,"Class Emitter"
"increase_indent","lib/yaml/emitter.py",146,146,"Class Emitter"
"write_stream_start","lib/yaml/emitter.py",792,792,"Class Emitter"
"expect_first_document_start","lib/yaml/emitter.py",175,175,"Class Emitter"
"expect_nothing","lib/yaml/emitter.py",170,170,"Class Emitter"
"expect_document_start","lib/yaml/emitter.py",178,178,"Class Emitter"
"write_indicator","lib/yaml/emitter.py",800,801,"Class Emitter"
"write_indent","lib/yaml/emitter.py",814,814,"Class Emitter"
"prepare_version","lib/yaml/emitter.py",539,539,"Class Emitter"
"write_version_directive","lib/yaml/emitter.py",838,838,"Class Emitter"
"prepare_tag_handle","lib/yaml/emitter.py",545,545,"Class Emitter"
"prepare_tag_prefix","lib/yaml/emitter.py",557,557,"Class Emitter"
"write_tag_directive","lib/yaml/emitter.py",845,845,"Class Emitter"
"check_empty_document","lib/yaml/emitter.py",430,430,"Class Emitter"
"expect_document_root","lib/yaml/emitter.py",226,226,"Class Emitter"
"write_stream_end","lib/yaml/emitter.py",797,797,"Class Emitter"
"expect_document_end","lib/yaml/emitter.py",214,214,"Class Emitter"
"flush_stream","lib/yaml/emitter.py",788,788,"Class Emitter"
"expect_node","lib/yaml/emitter.py",232,233,"Class Emitter"
"expect_alias","lib/yaml/emitter.py",260,260,"Class Emitter"
"process_anchor","lib/yaml/emitter.py",459,459,"Class Emitter"
"process_tag","lib/yaml/emitter.py",469,469,"Class Emitter"
"expect_scalar","lib/yaml/emitter.py",266,266,"Class Emitter"
"check_empty_sequence","lib/yaml/emitter.py",422,422,"Class Emitter"
"expect_flow_sequence","lib/yaml/emitter.py",274,274,"Class Emitter"
"expect_block_sequence","lib/yaml/emitter.py",368,368,"Class Emitter"
"check_empty_mapping","lib/yaml/emitter.py",426,426,"Class Emitter"
"expect_flow_mapping","lib/yaml/emitter.py",310,310,"Class Emitter"
"expect_block_mapping","lib/yaml/emitter.py",388,388,"Class Emitter"
"process_scalar","lib/yaml/emitter.py",515,515,"Class Emitter"
"expect_first_flow_sequence_item","lib/yaml/emitter.py",280,280,"Class Emitter"
"expect_flow_sequence_item","lib/yaml/emitter.py",292,292,"Class Emitter"
"expect_first_flow_mapping_key","lib/yaml/emitter.py",316,316,"Class Emitter"
"check_simple_key","lib/yaml/emitter.py",437,437,"Class Emitter"
"expect_flow_mapping_simple_value","lib/yaml/emitter.py",354,354,"Class Emitter"
"expect_flow_mapping_value","lib/yaml/emitter.py",359,359,"Class Emitter"
"expect_flow_mapping_key","lib/yaml/emitter.py",333,333,"Class Emitter"
"expect_first_block_sequence_item","lib/yaml/emitter.py",373,373,"Class Emitter"
"expect_block_sequence_item","lib/yaml/emitter.py",376,376,"Class Emitter"
"expect_first_block_mapping_key","lib/yaml/emitter.py",392,392,"Class Emitter"
"expect_block_mapping_key","lib/yaml/emitter.py",395,395,"Class Emitter"
"expect_block_mapping_simple_value","lib/yaml/emitter.py",409,409,"Class Emitter"
"expect_block_mapping_value","lib/yaml/emitter.py",414,414,"Class Emitter"
"prepare_anchor","lib/yaml/emitter.py",616,616,"Class Emitter"
"prepare_tag","lib/yaml/emitter.py",580,580,"Class Emitter"
"analyze_scalar","lib/yaml/emitter.py",626,626,"Class Emitter"
"choose_scalar_style","lib/yaml/emitter.py",494,494,"Class Emitter"
"write_double_quoted","lib/yaml/emitter.py",926,926,"Class Emitter"
"write_single_quoted","lib/yaml/emitter.py",854,854,"Class Emitter"
"write_folded","lib/yaml/emitter.py",991,991,"Class Emitter"
"write_literal","lib/yaml/emitter.py",1045,1045,"Class Emitter"
"write_plain","lib/yaml/emitter.py",1080,1080,"Class Emitter"
"write_line_break","lib/yaml/emitter.py",827,827,"Class Emitter"
"determine_block_hints","lib/yaml/emitter.py",980,980,"Class Emitter"
"get_snippet","lib/yaml/error.py",14,14,"Class Mark"
"run","setup.py",215,215,"Class build_ext"
"run","setup.py",291,291,"Class test"
"run","tests/legacy_tests/test_appliance.py",121,121,"Module test_appliance"
"_filter_omit_entries",".github/actions/dynamatrix/matrix_yaml_to_json.py",15,15,"Script matrix_yaml_to_json.py"
"dictcomp",".github/actions/dynamatrix/matrix_yaml_to_json.py",23,23,"Function _filter_omit_entries"
"genexpr",".github/actions/dynamatrix/matrix_yaml_to_json.py",23,23,"Function _filter_omit_entries"
"genexpr",".github/actions/dynamatrix/matrix_yaml_to_json.py",29,29,"Function _filter_omit_entries"
"main","tests/legacy_tests/test_all.py",4,4,"Script test_all.py"
"main",".github/actions/dynamatrix/matrix_yaml_to_json.py",33,33,"Script matrix_yaml_to_json.py"
"main","packaging/build/smoketest.py",5,5,"Script smoketest.py"
"parse_stream_start","lib/yaml/parser.py",127,127,"Class Parser"
"parse_implicit_document_start","lib/yaml/parser.py",139,139,"Class Parser"
"parse_document_end","lib/yaml/parser.py",190,190,"Class Parser"
"parse_block_node","lib/yaml/parser.py",264,264,"Class Parser"
"parse_document_start","lib/yaml/parser.py",159,159,"Class Parser"
"process_directives","lib/yaml/parser.py",217,217,"Class Parser"
"parse_document_content","lib/yaml/parser.py",208,208,"Class Parser"
"process_empty_scalar","lib/yaml/parser.py",587,587,"Class Parser"
"parse_flow_node","lib/yaml/parser.py",267,267,"Class Parser"
"parse_block_node_or_indentless_sequence","lib/yaml/parser.py",270,270,"Class Parser"
"parse_indentless_sequence_entry","lib/yaml/parser.py",402,402,"Class Parser"
"parse_flow_sequence_first_entry","lib/yaml/parser.py",471,471,"Class Parser"
"parse_flow_mapping_first_key","lib/yaml/parser.py",537,537,"Class Parser"
"parse_block_sequence_first_entry","lib/yaml/parser.py",376,376,"Class Parser"
"parse_block_mapping_first_key","lib/yaml/parser.py",422,422,"Class Parser"
"parse_block_sequence_entry","lib/yaml/parser.py",381,381,"Class Parser"
"parse_block_mapping_key","lib/yaml/parser.py",427,427,"Class Parser"
"parse_block_mapping_value","lib/yaml/parser.py",446,446,"Class Parser"
"parse_flow_sequence_entry","lib/yaml/parser.py",476,476,"Class Parser"
"parse_flow_sequence_entry_mapping_key","lib/yaml/parser.py",502,502,"Class Parser"
"parse_flow_sequence_entry_mapping_value","lib/yaml/parser.py",512,512,"Class Parser"
"parse_flow_sequence_entry_mapping_end","lib/yaml/parser.py",526,526,"Class Parser"
"parse_flow_mapping_key","lib/yaml/parser.py",542,542,"Class Parser"
"parse_flow_mapping_value","lib/yaml/parser.py",569,569,"Class Parser"
"parse_flow_mapping_empty_value","lib/yaml/parser.py",583,583,"Class Parser"
"check_printable","lib/yaml/reader.py",138,138,"Class Reader"
"determine_encoding","lib/yaml/reader.py",122,122,"Class Reader"
"peek","lib/yaml/reader.py",87,87,"Class Reader"
"forward","lib/yaml/reader.py",99,99,"Class Reader"
"get_mark","lib/yaml/reader.py",114,114,"Class Reader"
"update_raw","lib/yaml/reader.py",177,177,"Class Reader"
"represent_data","lib/yaml/representer.py",33,33,"Class BaseRepresenter"
"ignore_aliases","lib/yaml/representer.py",131,131,"Class BaseRepresenter"
"ignore_aliases","lib/yaml/representer.py",136,136,"Class SafeRepresenter"
"represent_scalar","lib/yaml/representer.py",77,77,"Class BaseRepresenter"
"represent_sequence","lib/yaml/representer.py",85,85,"Class BaseRepresenter"
"represent_mapping","lib/yaml/representer.py",103,103,"Class BaseRepresenter"
"represent_none","lib/yaml/representer.py",144,144,"Class SafeRepresenter"
"represent_str","lib/yaml/representer.py",147,147,"Class SafeRepresenter"
"represent_binary","lib/yaml/representer.py",150,150,"Class SafeRepresenter"
"represent_bool","lib/yaml/representer.py",157,157,"Class SafeRepresenter"
"represent_int","lib/yaml/representer.py",164,164,"Class SafeRepresenter"
"represent_float","lib/yaml/representer.py",171,171,"Class SafeRepresenter"
"represent_list","lib/yaml/representer.py",191,191,"Class SafeRepresenter"
"represent_dict","lib/yaml/representer.py",206,206,"Class SafeRepresenter"
"represent_set","lib/yaml/representer.py",209,209,"Class SafeRepresenter"
"represent_date","lib/yaml/representer.py",215,215,"Class SafeRepresenter"
"represent_datetime","lib/yaml/representer.py",219,219,"Class SafeRepresenter"
"represent_undefined","lib/yaml/representer.py",230,230,"Class SafeRepresenter"
"represent_complex","lib/yaml/representer.py",274,274,"Class Representer"
"represent_tuple","lib/yaml/representer.py",285,285,"Class Representer"
"represent_name","lib/yaml/representer.py",288,288,"Class Representer"
"represent_module","lib/yaml/representer.py",292,292,"Class Representer"
"represent_object","lib/yaml/representer.py",296,296,"Class Representer"
"represent_ordered_dict","lib/yaml/representer.py",358,358,"Class Representer"
"check_resolver_prefix","lib/yaml/resolver.py",120,121,"Class BaseResolver"
"fetch_stream_start","lib/yaml/scanner.py",359,359,"Class Scanner"
"need_more_tokens","lib/yaml/scanner.py",145,145,"Class Scanner"
"fetch_more_tokens","lib/yaml/scanner.py",156,156,"Class Scanner"
"stale_possible_simple_keys","lib/yaml/scanner.py",279,279,"Class Scanner"
"next_possible_simple_key","lib/yaml/scanner.py",264,264,"Class Scanner"
"scan_to_next_token","lib/yaml/scanner.py",752,752,"Class Scanner"
"unwind_indent","lib/yaml/scanner.py",325,325,"Class Scanner"
"fetch_stream_end","lib/yaml/scanner.py",371,371,"Class Scanner"
"check_directive","lib/yaml/scanner.py",683,683,"Class Scanner"
"fetch_directive","lib/yaml/scanner.py",390,390,"Class Scanner"
"check_document_start","lib/yaml/scanner.py",690,690,"Class Scanner"
"fetch_document_start","lib/yaml/scanner.py",402,402,"Class Scanner"
"check_document_end","lib/yaml/scanner.py",698,698,"Class Scanner"
"fetch_document_end","lib/yaml/scanner.py",405,405,"Class Scanner"
"fetch_flow_sequence_start","lib/yaml/scanner.py",424,424,"Class Scanner"
"fetch_flow_mapping_start","lib/yaml/scanner.py",427,427,"Class Scanner"
"fetch_flow_sequence_end","lib/yaml/scanner.py",447,447,"Class Scanner"
"fetch_flow_mapping_end","lib/yaml/scanner.py",450,450,"Class Scanner"
"fetch_flow_entry","lib/yaml/scanner.py",470,470,"Class Scanner"
"check_block_entry","lib/yaml/scanner.py",706,706,"Class Scanner"
"fetch_block_entry","lib/yaml/scanner.py",484,484,"Class Scanner"
"check_key","lib/yaml/scanner.py",711,711,"Class Scanner"
"fetch_key","lib/yaml/scanner.py",517,517,"Class Scanner"
"check_value","lib/yaml/scanner.py",721,721,"Class Scanner"
"fetch_value","lib/yaml/scanner.py",545,545,"Class Scanner"
"fetch_alias","lib/yaml/scanner.py",601,601,"Class Scanner"
"fetch_anchor","lib/yaml/scanner.py",612,612,"Class Scanner"
"fetch_tag","lib/yaml/scanner.py",623,623,"Class Scanner"
"fetch_literal","lib/yaml/scanner.py",634,634,"Class Scanner"
"fetch_folded","lib/yaml/scanner.py",637,637,"Class Scanner"
"fetch_single","lib/yaml/scanner.py",651,651,"Class Scanner"
"fetch_double","lib/yaml/scanner.py",654,654,"Class Scanner"
"check_plain","lib/yaml/scanner.py",731,731,"Class Scanner"
"fetch_plain","lib/yaml/scanner.py",668,668,"Class Scanner"
"save_possible_simple_key","lib/yaml/scanner.py",295,295,"Class Scanner"
"remove_possible_simple_key","lib/yaml/scanner.py",312,312,"Class Scanner"
"add_indent","lib/yaml/scanner.py",349,349,"Class Scanner"
"fetch_document_indicator","lib/yaml/scanner.py",408,408,"Class Scanner"
"fetch_flow_collection_start","lib/yaml/scanner.py",430,430,"Class Scanner"
"fetch_flow_collection_end","lib/yaml/scanner.py",453,453,"Class Scanner"
"scan_anchor","lib/yaml/scanner.py",899,899,"Class Scanner"
"fetch_block_scalar","lib/yaml/scanner.py",640,640,"Class Scanner"
"scan_block_scalar","lib/yaml/scanner.py",976,976,"Class Scanner"
"fetch_flow_scalar","lib/yaml/scanner.py",657,657,"Class Scanner"
"scan_flow_scalar","lib/yaml/scanner.py",1134,1134,"Class Scanner"
"scan_plain","lib/yaml/scanner.py",1270,1270,"Class Scanner"
"scan_line_break","lib/yaml/scanner.py",1416,1416,"Class Scanner"
"scan_directive_name","lib/yaml/scanner.py",806,806,"Class Scanner"
"scan_yaml_directive_value","lib/yaml/scanner.py",827,827,"Class Scanner"
"scan_tag_directive_value","lib/yaml/scanner.py",857,857,"Class Scanner"
"scan_directive_ignored_line","lib/yaml/scanner.py",885,885,"Class Scanner"
"scan_yaml_directive_number","lib/yaml/scanner.py",844,844,"Class Scanner"
"scan_tag_directive_handle","lib/yaml/scanner.py",867,867,"Class Scanner"
"scan_tag_directive_prefix","lib/yaml/scanner.py",876,876,"Class Scanner"
"scan_tag_handle","lib/yaml/scanner.py",1348,1348,"Class Scanner"
"scan_tag_uri","lib/yaml/scanner.py",1372,1372,"Class Scanner"
"scan_block_scalar_indicators","lib/yaml/scanner.py",1052,1052,"Class Scanner"
"scan_block_scalar_ignored_line","lib/yaml/scanner.py",1092,1092,"Class Scanner"
"scan_block_scalar_indentation","lib/yaml/scanner.py",1106,1106,"Class Scanner"
"scan_block_scalar_breaks","lib/yaml/scanner.py",1121,1121,"Class Scanner"
"scan_flow_scalar_non_spaces","lib/yaml/scanner.py",1185,1185,"Class Scanner"
"scan_flow_scalar_spaces","lib/yaml/scanner.py",1228,1228,"Class Scanner"
"scan_flow_scalar_breaks","lib/yaml/scanner.py",1252,1252,"Class Scanner"
"scan_plain_spaces","lib/yaml/scanner.py",1311,1311,"Class Scanner"
"scan_uri_escapes","lib/yaml/scanner.py",1397,1397,"Class Scanner"
"anchor_node","lib/yaml/serializer.py",60,60,"Class Serializer"
"serialize_node","lib/yaml/serializer.py",78,78,"Class Serializer"
"generate_anchor","lib/yaml/serializer.py",74,74,"Class Serializer"
"has_ext_modules","setup.py",144,144,"Class Distribution"
"ext_status","setup.py",153,153,"Class Distribution"
"finalize_options","setup.py",189,189,"Class build_ext"
"finalize_options","setup.py",288,288,"Class test"
"get_source_files","setup.py",238,238,"Class build_ext"
"get_outputs","setup.py",253,253,"Class build_ext"
"build_extensions","setup.py",264,264,"Class build_ext"
"initialize_options","setup.py",285,285,"Class test"
"find_test_functions","tests/legacy_tests/test_appliance.py",7,7,"Module test_appliance"
"parse_arguments","tests/legacy_tests/test_appliance.py",32,32,"Module test_appliance"
"execute","tests/legacy_tests/test_constructor.py",11,11,"Module test_constructor"
"execute","tests/legacy_tests/test_appliance.py",55,55,"Module test_appliance"
"display","tests/legacy_tests/test_appliance.py",81,81,"Module test_appliance"
"test_canonical_scanner","tests/legacy_tests/test_canonical.py",4,4,"Module test_canonical"
"test_canonical_parser","tests/legacy_tests/test_canonical.py",15,15,"Module test_canonical"
"test_canonical_error","tests/legacy_tests/test_canonical.py",26,26,"Module test_canonical"
"_make_objects","tests/legacy_tests/test_constructor.py",16,16,"Module test_constructor"
"construct1","tests/legacy_tests/test_constructor.py",38,38,"Function _make_objects"
"represent1","tests/legacy_tests/test_constructor.py",41,41,"Function _make_objects"
"my_time_constructor","tests/legacy_tests/test_constructor.py",44,44,"Function _make_objects"
"tzname","tests/legacy_tests/test_constructor.py",223,223,"Class FixedOffset"
"__cmp__","tests/legacy_tests/test_constructor.py",124,124,"Class AnObject"
"__cmp__","tests/legacy_tests/test_constructor.py",136,136,"Class AnInstance"
"utcoffset","tests/legacy_tests/test_constructor.py",221,221,"Class FixedOffset"
"dst","tests/legacy_tests/test_constructor.py",225,225,"Class FixedOffset"
"_load_code","tests/legacy_tests/test_constructor.py",234,234,"Module test_constructor"
"_load_code","tests/legacy_tests/test_multi_constructor.py",5,5,"Module test_multi_constructor"
"_serialize_value","tests/legacy_tests/test_constructor.py",237,237,"Module test_constructor"
"test_constructor_types","tests/legacy_tests/test_constructor.py",255,255,"Module test_constructor"
"test_subclass_blacklist_types","tests/legacy_tests/test_constructor.py",286,286,"Module test_constructor"
"test_constructor","tests/legacy_tests/test_structure.py",176,176,"Module test_structure"
"test_dump","tests/test_dump_load.py",5,5,"Script test_dump_load.py"
"test_load_no_loader","tests/test_dump_load.py",9,9,"Script test_dump_load.py"
"test_load_safeloader","tests/test_dump_load.py",14,14,"Script test_dump_load.py"
"_compare_events","tests/legacy_tests/test_structure.py",62,62,"Module test_structure"
"_compare_events","tests/legacy_tests/test_emitter.py",4,4,"Module test_emitter"
"test_emitter_on_data","tests/legacy_tests/test_emitter.py",17,17,"Module test_emitter"
"test_emitter_on_canonical","tests/legacy_tests/test_emitter.py",29,29,"Module test_emitter"
"test_emitter_styles","tests/legacy_tests/test_emitter.py",42,42,"Module test_emitter"
"construct_event","tests/legacy_tests/test_emitter.py",71,71,"Class EventsLoader"
"test_emitter_events","tests/legacy_tests/test_emitter.py",91,91,"Module test_emitter"
"test_loader_error","tests/legacy_tests/test_errors.py",4,4,"Module test_errors"
"test_loader_error_string","tests/legacy_tests/test_errors.py",16,16,"Module test_errors"
"test_loader_error_single","tests/legacy_tests/test_errors.py",28,28,"Module test_errors"
"test_emitter_error","tests/legacy_tests/test_errors.py",40,40,"Module test_errors"
"test_dumper_error","tests/legacy_tests/test_errors.py",53,53,"Module test_errors"
"test_unicode_input","tests/legacy_tests/test_input_output.py",5,5,"Module test_input_output"
"test_unicode_input_errors","tests/legacy_tests/test_input_output.py",26,26,"Module test_input_output"
"test_unicode_output","tests/legacy_tests/test_input_output.py",51,51,"Module test_input_output"
"test_file_output","tests/legacy_tests/test_input_output.py",87,87,"Module test_input_output"
"test_unicode_transfer","tests/legacy_tests/test_input_output.py",116,116,"Module test_input_output"
"test_marks","tests/legacy_tests/test_mark.py",4,4,"Module test_mark"
"myconstructor1","tests/legacy_tests/test_multi_constructor.py",8,8,"Module test_multi_constructor"
"myconstructor2","tests/legacy_tests/test_multi_constructor.py",12,12,"Module test_multi_constructor"
"test_multi_constructor","tests/legacy_tests/test_multi_constructor.py",31,31,"Module test_multi_constructor"
"_run_reader","tests/legacy_tests/test_reader.py",4,4,"Module test_reader"
"test_stream_error","tests/legacy_tests/test_reader.py",15,15,"Module test_reader"
"test_recursive","tests/legacy_tests/test_recursive.py",25,25,"Module test_recursive"
"test_representer_types","tests/legacy_tests/test_representer.py",6,6,"Module test_representer"
"test_implicit_resolver","tests/legacy_tests/test_schema.py",53,53,"Module test_schema"
"test_implicit_resolver","tests/legacy_tests/test_resolver.py",5,5,"Module test_resolver"
"_make_path_loader_and_dumper","tests/legacy_tests/test_resolver.py",26,26,"Module test_resolver"
"_convert_node","tests/legacy_tests/test_resolver.py",47,47,"Module test_resolver"
"test_path_resolver_loader","tests/legacy_tests/test_resolver.py",61,61,"Module test_resolver"
"test_path_resolver_dumper","tests/legacy_tests/test_resolver.py",78,78,"Module test_resolver"
"check_bool","tests/legacy_tests/test_schema.py",6,6,"Module test_schema"
"check_int","tests/legacy_tests/test_schema.py",15,15,"Module test_schema"
"check_float","tests/legacy_tests/test_schema.py",22,22,"Module test_schema"
"check_str","tests/legacy_tests/test_schema.py",39,39,"Module test_schema"
"_fail","tests/legacy_tests/test_schema.py",47,47,"Module test_schema"
"test_sort_keys","tests/legacy_tests/test_sort_keys.py",5,5,"Module test_sort_keys"
"_convert_structure","tests/legacy_tests/test_structure.py",5,5,"Module test_structure"
"test_structure","tests/legacy_tests/test_structure.py",35,35,"Module test_structure"
"test_parser","tests/legacy_tests/test_structure.py",74,74,"Module test_structure"
"test_parser_on_canonical","tests/legacy_tests/test_structure.py",92,92,"Module test_structure"
"_compare_nodes","tests/legacy_tests/test_structure.py",110,110,"Module test_structure"
"test_composer","tests/legacy_tests/test_structure.py",124,124,"Module test_structure"
"_make_loader","tests/legacy_tests/test_structure.py",144,144,"Module test_structure"
"lambda","tests/legacy_tests/test_structure.py",152,152,"Function construct_mapping"
"lambda","tests/legacy_tests/test_structure.py",168,168,"Function construct_mapping"
"_make_canonical_loader","tests/legacy_tests/test_structure.py",160,160,"Module test_structure"
"test_tokens","tests/legacy_tests/test_tokens.py",45,45,"Module test_tokens"
"test_scanner","tests/legacy_tests/test_tokens.py",64,64,"Module test_tokens"
"new_scan","tests/legacy_tests/test_yaml_ext.py",12,12,"Module test_yaml_ext"
"new_parse","tests/legacy_tests/test_yaml_ext.py",16,16,"Module test_yaml_ext"
"new_compose","tests/legacy_tests/test_yaml_ext.py",20,20,"Module test_yaml_ext"
"new_compose_all","tests/legacy_tests/test_yaml_ext.py",24,24,"Module test_yaml_ext"
"new_load","tests/legacy_tests/test_yaml_ext.py",28,28,"Module test_yaml_ext"
"new_load_all","tests/legacy_tests/test_yaml_ext.py",32,32,"Module test_yaml_ext"
"new_safe_load","tests/legacy_tests/test_yaml_ext.py",36,36,"Module test_yaml_ext"
"new_safe_load_all","tests/legacy_tests/test_yaml_ext.py",40,40,"Module test_yaml_ext"
"new_emit","tests/legacy_tests/test_yaml_ext.py",44,44,"Module test_yaml_ext"
"new_serialize","tests/legacy_tests/test_yaml_ext.py",48,48,"Module test_yaml_ext"
"new_serialize_all","tests/legacy_tests/test_yaml_ext.py",52,52,"Module test_yaml_ext"
"new_dump","tests/legacy_tests/test_yaml_ext.py",56,56,"Module test_yaml_ext"
"new_dump_all","tests/legacy_tests/test_yaml_ext.py",60,60,"Module test_yaml_ext"
"new_safe_dump","tests/legacy_tests/test_yaml_ext.py",64,64,"Module test_yaml_ext"
"new_safe_dump_all","tests/legacy_tests/test_yaml_ext.py",68,68,"Module test_yaml_ext"
"_set_up","tests/legacy_tests/test_yaml_ext.py",71,71,"Module test_yaml_ext"
"_tear_down","tests/legacy_tests/test_yaml_ext.py",94,94,"Module test_yaml_ext"
"test_c_version","tests/legacy_tests/test_yaml_ext.py",117,117,"Module test_yaml_ext"
"test_deprecate_yaml_module","tests/legacy_tests/test_yaml_ext.py",124,124,"Module test_yaml_ext"
"_compare_scanners","tests/legacy_tests/test_yaml_ext.py",129,129,"Module test_yaml_ext"
"test_c_scanner","tests/legacy_tests/test_yaml_ext.py",155,155,"Module test_yaml_ext"
"_compare_parsers","tests/legacy_tests/test_yaml_ext.py",168,168,"Module test_yaml_ext"
"test_c_parser","tests/legacy_tests/test_yaml_ext.py",188,188,"Module test_yaml_ext"
"_compare_emitters","tests/legacy_tests/test_yaml_ext.py",201,201,"Module test_yaml_ext"
"test_c_emitter","tests/legacy_tests/test_yaml_ext.py",233,233,"Module test_yaml_ext"
"test_large_file","tests/legacy_tests/test_yaml_ext.py",242,242,"Module test_yaml_ext"
"wrap_ext_function","tests/legacy_tests/test_yaml_ext.py",258,258,"Module test_yaml_ext"
"wrapper","tests/legacy_tests/test_yaml_ext.py",259,259,"Function wrap_ext_function"
"wrap_ext","tests/legacy_tests/test_yaml_ext.py",270,270,"Module test_yaml_ext"
"something","examples/pygments-lexer/yaml.py",32,32,"Script yaml.py"
"callback","examples/pygments-lexer/yaml.py",34,34,"Function something"
"callback","examples/pygments-lexer/yaml.py",44,44,"Function reset_indent"
"callback","examples/pygments-lexer/yaml.py",56,56,"Function save_indent"
"callback","examples/pygments-lexer/yaml.py",78,78,"Function set_indent"
"callback","examples/pygments-lexer/yaml.py",91,91,"Function set_block_scalar_indent"
"callback","examples/pygments-lexer/yaml.py",108,108,"Function parse_block_scalar_empty_line"
"callback","examples/pygments-lexer/yaml.py",125,125,"Function parse_block_scalar_indent"
"callback","examples/pygments-lexer/yaml.py",145,145,"Function parse_plain_scalar_indent"
"reset_indent","examples/pygments-lexer/yaml.py",42,42,"Script yaml.py"
"save_indent","examples/pygments-lexer/yaml.py",54,54,"Script yaml.py"
"set_indent","examples/pygments-lexer/yaml.py",76,76,"Script yaml.py"
"set_block_scalar_indent","examples/pygments-lexer/yaml.py",89,89,"Script yaml.py"
"parse_block_scalar_empty_line","examples/pygments-lexer/yaml.py",106,106,"Script yaml.py"
"parse_block_scalar_indent","examples/pygments-lexer/yaml.py",123,123,"Script yaml.py"
"parse_plain_scalar_indent","examples/pygments-lexer/yaml.py",143,143,"Script yaml.py"
"get_tokens_unprocessed","examples/pygments-lexer/yaml.py",426,426,"Class YAMLLexer"
"highlight","examples/yaml-highlight/yaml_hl.py",51,51,"Class YAMLHighlight"
